code_name,SMILES,HOMO-LUMO gap,HOMO,LUMO,IP,EA,Dipole module,SASA,G solv. in H2O,G of H-bonds H2O,Fermi-level,Polarizability,Total FOD,Hardness,Softness,Dispersion area,Dispersion volume,Chem. potential,Electrophilicity,Electrofugality,Nucleofugality,S0-T1 gap,MaxAbsEStateIndex,MaxEStateIndex,MinAbsEStateIndex,MinEStateIndex,qed,SPS,MolWt,HeavyAtomMolWt,ExactMolWt,NumValenceElectrons,NumRadicalElectrons,MaxPartialCharge,MinPartialCharge,MaxAbsPartialCharge,MinAbsPartialCharge,FpDensityMorgan1,FpDensityMorgan2,FpDensityMorgan3,BCUT2D_MWHI,BCUT2D_MWLOW,BCUT2D_CHGHI,BCUT2D_CHGLO,BCUT2D_LOGPHI,BCUT2D_LOGPLOW,BCUT2D_MRHI,BCUT2D_MRLOW,AvgIpc,BalabanJ,BertzCT,Chi0,Chi0n,Chi0v,Chi1,Chi1n,Chi1v,Chi2n,Chi2v,Chi3n,Chi3v,Chi4n,Chi4v,HallKierAlpha,Ipc,Kappa1,Kappa2,Kappa3,LabuteASA,PEOE_VSA1,PEOE_VSA10,PEOE_VSA11,PEOE_VSA12,PEOE_VSA13,PEOE_VSA14,PEOE_VSA2,PEOE_VSA3,PEOE_VSA4,PEOE_VSA5,PEOE_VSA6,PEOE_VSA7,PEOE_VSA8,PEOE_VSA9,SMR_VSA1,SMR_VSA10,SMR_VSA2,SMR_VSA3,SMR_VSA4,SMR_VSA5,SMR_VSA6,SMR_VSA7,SMR_VSA8,SMR_VSA9,SlogP_VSA1,SlogP_VSA10,SlogP_VSA11,SlogP_VSA12,SlogP_VSA2,SlogP_VSA3,SlogP_VSA4,SlogP_VSA5,SlogP_VSA6,SlogP_VSA7,SlogP_VSA8,SlogP_VSA9,TPSA,EState_VSA1,EState_VSA10,EState_VSA11,EState_VSA2,EState_VSA3,EState_VSA4,EState_VSA5,EState_VSA6,EState_VSA7,EState_VSA8,EState_VSA9,VSA_EState1,VSA_EState10,VSA_EState2,VSA_EState3,VSA_EState4,VSA_EState5,VSA_EState6,VSA_EState7,VSA_EState8,VSA_EState9,FractionCSP3,HeavyAtomCount,NHOHCount,NOCount,NumAliphaticCarbocycles,NumAliphaticHeterocycles,NumAliphaticRings,NumAmideBonds,NumAromaticCarbocycles,NumAromaticHeterocycles,NumAromaticRings,NumAtomStereoCenters,NumBridgeheadAtoms,NumHAcceptors,NumHDonors,NumHeteroatoms,NumHeterocycles,NumRotatableBonds,NumSaturatedCarbocycles,NumSaturatedHeterocycles,NumSaturatedRings,NumSpiroAtoms,NumUnspecifiedAtomStereoCenters,Phi,RingCount,MolLogP,MolMR,fr_Al_COO,fr_Al_OH,fr_Al_OH_noTert,fr_ArN,fr_Ar_COO,fr_Ar_N,fr_Ar_NH,fr_Ar_OH,fr_COO,fr_COO2,fr_C_O,fr_C_O_noCOO,fr_C_S,fr_HOCCN,fr_Imine,fr_NH0,fr_NH1,fr_NH2,fr_N_O,fr_Ndealkylation1,fr_Ndealkylation2,fr_Nhpyrrole,fr_SH,fr_aldehyde,fr_alkyl_carbamate,fr_alkyl_halide,fr_allylic_oxid,fr_amide,fr_amidine,fr_aniline,fr_aryl_methyl,fr_azide,fr_azo,fr_barbitur,fr_benzene,fr_benzodiazepine,fr_bicyclic,fr_diazo,fr_dihydropyridine,fr_epoxide,fr_ester,fr_ether,fr_furan,fr_guanido,fr_halogen,fr_hdrzine,fr_hdrzone,fr_imidazole,fr_imide,fr_isocyan,fr_isothiocyan,fr_ketone,fr_ketone_Topliss,fr_lactam,fr_lactone,fr_methoxy,fr_morpholine,fr_nitrile,fr_nitro,fr_nitro_arom,fr_nitro_arom_nonortho,fr_nitroso,fr_oxazole,fr_oxime,fr_para_hydroxylation,fr_phenol,fr_phenol_noOrthoHbond,fr_phos_acid,fr_phos_ester,fr_piperdine,fr_piperzine,fr_priamide,fr_prisulfonamd,fr_pyridine,fr_quatN,fr_sulfide,fr_sulfonamd,fr_sulfone,fr_term_acetylene,fr_tetrazole,fr_thiazole,fr_thiocyan,fr_thiophene,fr_unbrch_alkane,fr_urea
Bifonazole+,,7.6081,-10.8068,-3.1987,10.2054,3.4093,14.8671,560.6144,-53.63,-3.7800000000000002,-11.9318,247.2249,0.34540000000000004,6.7961,0.1471,404.2959,399.0918,-6.8073,3.4093,13.6147,0.0,77.87,9.52125766355925,9.52125766355925,0.067909722416535,-3.275970280087343,0.524235712098165,24.416666666666668,311.4079999999996,292.256,311.1542750280905,116,0,0.310965081765248,-0.25019764702298203,0.310965081765248,0.25019764702298203,0.7916666666666661,1.375,2.0,15.049621995873661,9.95816902407343,2.197237900927249,-2.15178564635122,2.280271433148122,-2.112730440076581,5.632704762372069,-0.37707907498437904,3.154064578693225,2.3043611766612973,1767.691278743577,32.7790561913614,30.894427190999917,11.894427190999917,19.75833024919771,16.065247584249853,6.618033988749896,4.369427190999915,4.369427190999915,2.939918693812441,2.939918693812441,1.928811896062462,1.928811896062462,-3.129999999999999,1153138626.228558,4.483438493916407,6.548506444939078,2.863937426311997,168.3589038760685,0.0,15.08730753396996,7.388651024519865,6.303371713966227,0.0,1.4118420783282,4.977003270229252,4.5670996477913555,0.0,0.0,84.59386190728614,11.126902983393991,11.126902983393991,20.561378342553297,31.062499359621405,0.0,0.0,4.5670996477913555,0.0,6.017892468349645,0.0,114.3699270262759,0,11.126902983393991,4.977003270229252,0.0,0.0,0.0,4.5670996477913555,0.0,0.0,41.818449462807614,103.24302404288188,1.4118420783282,11.126902983393991,0,19.07,131.5147224780195,1.37075855617022,0.0,9.544102918020606,0.0,0.0,0,0,0,0.0,24.714737533221935,158.70924623206153,0.0,0.067909722416535,0.0,-3.544895329037643,0.0,-16.79868074641465,-3.183579879025751,0.0,0.0,0.045454545454545005,24,1,2,0,0,0,0,3,1,4,1,0,1,0,2,1,4,0,0,0,0,0,1.223326078037481,4,4.606900000000004,96.54870000000003,0,0,0,0,0,2,1,0,0,0,0,0,0,0,0,1,1,0,0,0,0,1,0,0,0,0,0,0,0,0,0,0,0,0,3,0,0,0,0,0,0,0,0,0,0,0,0,1,0,0,0,0,0,0,0,0,0,0,0,0,0,0,0,0,0,0,0,0,0,0,0,0,0,0,0,0,0,0,0,0,0,0,0,0,0
Boscalid+,,6.7241,-11.7624,-5.0383,10.8036,5.2528,7.8327,517.4122,-57.39,-4.36,-12.9319,233.8266,0.6763,5.5508,0.1802,367.9509,372.5434,-8.0282,5.8056,16.6092,0.5528000000000001,50.5,8.593913594244283,8.593913594244283,0.14375425170068,-0.9430562554239801,0.431638876477537,19.652173913043477,344.22099999999983,331.1170000000001,343.0399448160903,114,0,0.45753477721247704,-0.45934160771874305,0.45934160771874305,0.45753477721247704,1.08695652173913,1.8695652173913042,2.652173913043478,35.49678693359381,10.039188433863094,2.155061081231321,-2.02836203596586,2.25385104011955,-2.666507595416249,6.318875633942079,-0.363309134052029,2.8376498096918312,2.609200124155075,1450.0513701604998,27.38386867697599,24.058604427482233,12.570462319519145,16.681422087899566,12.331977695204895,6.73244475525953,3.968961737888192,4.704939298347736,2.543167661003201,3.00564755948528,1.567010102950508,1.831838043292342,-2.359999999999999,42259643.037839405,6.267830871377448,6.816482904227554,3.524659784567599,161.83561371133476,5.108808191107212,10.716561308589789,0.0,5.687386274683562,1.431199657232634,7.309587422685812,0.0,4.983978520947208,4.985429481917713,0.0,47.37155461111821,35.77554503001347,17.237947232219383,20.641795609569414,26.584423869225542,34.787011399506206,1.431199657232634,4.983978520947208,0.0,0.0,0.0,82.33627690977883,0,11.126902983393991,4.985429481917713,5.687386274683562,0.0,23.20187978046503,15.990532056412032,0.0,0.0,20.641795609569414,66.5970822874477,11.587585208962318,12.558102640626625,0,47.09,105.04831151221401,0.0,0.0,4.985429481917713,0.0,0.0,0,0,0,10.092786712054421,41.123265633898306,104.94496690491367,11.856837657005563,3.691214613408877,3.32242943788589,-2.658303308977912,-0.9430562554239801,-7.812921715407584,-0.678945111182318,0.0,0.0,0.0,23,2,3,0,0,0,0,2,1,3,0,0,2,2,5,1,3,0,0,0,0,0,1.8575896513623502,3,3.772300000000002,93.4955,0,1,1,0,0,1,0,0,0,0,0,0,0,0,0,1,1,0,0,0,0,0,0,0,0,0,0,0,0,0,0,0,0,0,2,0,0,0,0,0,0,0,0,0,2,0,0,0,0,0,0,0,0,0,0,0,0,0,0,0,0,0,0,0,1,0,0,0,0,0,0,0,0,1,0,0,0,0,0,0,0,0,0,0,0
Caffeine+,,8.3768,-12.4165,-4.0398,12.6384,4.2057,10.7074,360.1097,-64.33,-5.19,-13.4975,123.0059,0.1519,8.4327,0.11860000000000001,241.2968,228.7219,-8.4221,4.2057,16.8441,0.0,84.5,12.463305461073316,12.463305461073316,0.027053099017385004,-3.408486394557825,0.507419342940433,25.285714285714285,195.20200000000008,184.11399999999998,195.08765201209,74,0,0.388399574165529,-0.26485285474533504,0.388399574165529,0.26485285474533504,1.428571428571428,2.214285714285714,2.857142857142857,16.161282315860767,10.48818798692215,2.169692786476858,-1.96990624686069,1.968989325239927,-2.379189469830091,5.6526622001297255,-0.350637624230404,2.596007679315948,3.358840577277765,970.3139239189918,19.696152422706632,17.60535096292756,6.6053509629275595,11.008759813876276,8.815136661213591,3.367923065713632,2.477974334493392,2.477974334493392,1.691356254769267,1.691356254769267,1.030864976378909,1.030864976378909,-1.8499999999999992,109733.24460468514,2.589952162339416,2.567947901122792,0.875774162713943,94.54168915223357,0.0,1.37075855617022,6.303371713966227,5.516700717616262,7.059019299095929,11.24901029325548,9.361636831863176,18.905739749883786,0.0,0.0,0.0,0.0,11.088102568792905,22.17620513758581,20.096430910259652,11.16387793838399,0.0,13.701298943374063,20.927480700846736,0.0,0.0,27.14145637536535,0,0.0,16.226013563484734,0.0,0.0,0.0,13.701298943374063,20.927480700846736,0.0,13.7075855617022,15.89244608210987,1.4118420783282,11.16387793838399,0,63.07,49.64374064645243,9.589074368143644,0.0,18.678302213603317,0.0,0.0,0,0,0,0.0,15.1194276400304,80.92780092592592,0.0,24.753952664399087,0.0,-5.513155706727135,0.0,0.0,-1.131674225245653,-9.9535903250189,0.0,0.375,14,1,6,0,0,0,0,0,2,2,0,0,5,0,6,2,3,0,0,0,0,0,0.47506158709199503,2,-1.610199999999999,49.95670000000002,0,0,0,0,0,4,1,0,0,0,0,0,0,0,0,3,1,0,0,0,0,1,0,0,0,0,0,0,0,0,2,0,0,0,0,0,1,0,0,0,0,0,0,0,0,0,0,1,0,0,0,0,0,0,0,0,0,0,0,0,0,0,0,0,0,0,0,0,0,0,0,0,0,0,0,0,0,0,0,0,0,0,0,0,0
Camptothecin+,,4.9951,-11.3872,-6.392,10.8971,5.8092,15.9304,543.8888,-67.21,-6.83,-13.1496,234.2063,0.906,5.0879,0.1965,384.5939,393.274,-8.3531,6.857,17.7541,1.0478,38.52,13.965185605106235,13.965185605106235,0.091118669690097,-3.994345188750178,0.5280580170204661,34.769230769230774,349.36599999999976,332.2300000000001,349.1182834440905,130,0,0.45411599083747306,-0.458197727871658,0.458197727871658,0.45411599083747306,1.5384615384615379,2.423076923076923,3.269230769230769,16.55130200266889,9.857666585123692,2.453388361265788,-2.31063945992635,2.370340085099077,-2.439700249482921,5.84180292381104,-0.330822646106782,3.130390516311287,2.11001676093522,1883.0764513093613,32.72916813859674,29.52742035285537,12.52742035285537,19.461989948517655,15.494116600873374,7.138654714909554,5.457757793678461,5.457757793678461,4.021331351421177,4.021331351421177,2.7686004084392692,2.7686004084392692,-2.9899999999999993,928071312.134169,5.755114475594025,5.016137241019722,1.8187570089948242,172.25746826011448,9.84567114490726,12.25291323776475,5.601050810983688,12.641828369697356,5.559266895052007,7.38114736628005,9.361636831863176,9.771540454301075,0.0,0.0,18.93672953262227,24.500181024319264,29.40933868637318,25.767896737715137,41.59043202008984,16.872230220032908,1.431199657232634,4.5670996477913555,0.0,31.881712756840983,0.0,63.298670800194586,0,11.387855989696922,10.536270165281259,0.0,0.0,0.0,17.076412784083054,28.188295876087793,0.0,50.476549836269385,41.04904943005159,1.4118420783282,22.29078092177798,0,82.67,118.6459325826936,9.589074368143644,0.0,9.544102918020606,0.0,0.0,0,0,0,9.84567114490726,23.404420078114132,144.62608451177465,0.0,27.355128363779357,3.704942649542215,-11.972182132992467,-2.145589668501826,-5.672417621440575,-3.994345188750178,-10.651620913411193,0.0,0.25,26,2,6,0,2,2,0,1,2,3,1,0,5,1,6,4,3,0,0,0,0,0,1.1103247710522641,5,1.4987,93.2855,0,1,0,0,0,2,1,0,0,0,1,1,0,0,0,1,1,0,0,0,0,1,0,0,0,0,0,0,0,0,0,0,0,0,1,0,5,0,0,0,1,1,0,0,0,0,0,0,0,0,0,0,0,0,1,0,0,0,0,0,0,0,0,0,1,0,0,0,0,0,0,0,0,2,0,0,0,0,0,0,0,0,0,0,0
Cimetadine+,,7.598,-10.4646,-2.8666,10.5052,2.8841,6.4673,446.611,-60.3,-6.61,-11.8509,174.4944,0.2388,7.6211,0.1312,320.2555,315.6167,-6.6947,2.9404,13.4456,0.0563,88.98,8.732177426414957,8.732177426414957,0.06874101464379201,-3.716688515684052,0.29846189302824905,29.58823529411765,253.35500000000016,236.219,253.12299196408998,92,0,0.31128790387773103,-0.35856207265521906,0.35856207265521906,0.31128790387773103,2.117647058823529,3.058823529411764,3.823529411764706,32.16649129761092,10.386482793305213,2.05207167780143,-2.057282392012053,2.085063728876373,-2.353927100261227,7.980477022074104,-0.38551958758727,2.87586361240099,3.5850209755146842,986.8798512212143,27.24012249707665,25.091529863463613,8.908026444391338,14.947247070497673,12.156777447713466,4.684419646641358,2.1742202065977922,2.786592642293587,1.19819209790394,1.686952501586892,0.591278479596374,0.9725893208141421,-1.6800000000000002,4247639.052061814,3.007475492598765,7.570081043458362,4.7817848631942805,129.04226791395033,10.619626706576751,5.693927994848461,9.888370707675081,18.4560823784889,0.0,2.823684156656401,0.0,9.954006540458504,17.0237765041296,4.992404732635669,0.0,0.0,42.47863826108669,5.704956885150159,28.44423281375491,17.72143951813495,5.261891554738487,15.596629976806003,4.992404732635669,12.556849002445837,19.177643469748347,17.69122770366315,0,6.19315609577884,15.596629976806003,0.0,0.0,11.761884949391115,30.11420130872144,5.704956885150159,18.306939767813006,29.207717219909778,11.295776446601895,5.647368313312802,0.0,0,90.13999999999999,77.76678640056905,0.0,0.0,9.954006540458504,0.0,6.19315609577884,0,0,0,4.992404732635669,28.729121098264145,130.51431338746497,-0.5853774565381701,2.7108331077559082,7.659926452289206,-9.210638842645519,-1.470344545225496,0.0,-0.05955910078677801,-10.309153002314083,0.0,0.5,17,4,6,0,0,0,0,0,1,1,0,0,3,3,7,1,7,0,0,0,0,0,1.339225483246324,1,0.016500000000001,68.35780000000001,0,0,0,0,0,2,2,0,0,0,0,0,0,0,1,2,4,0,0,0,0,2,0,0,0,0,0,0,0,0,0,0,0,0,0,0,0,0,0,0,0,0,0,1,0,0,0,1,0,0,0,0,0,0,0,0,0,1,0,0,0,0,0,0,0,0,0,0,0,0,0,0,0,0,0,1,0,0,0,0,0,0,0,0,0
Ciprofloxacin+,,7.0639,-10.0801,-3.0162,10.0818,2.6795,25.5742,533.9477,-97.73,-11.45,-11.1495,213.6255,0.3035,7.4023,0.1351,382.1007,383.9055,-6.3806,2.75,12.8318,0.07050000000000001,67.26,16.033647486772487,16.033647486772487,0.131936177248676,-4.131267571180092,0.8606582846803741,45.541666666666664,332.3549999999997,313.20300000000003,332.14049610809053,126,0,0.34591276007132205,-0.47749702283390105,0.47749702283390105,0.34591276007132205,1.5,2.25,2.916666666666666,19.142215575448983,10.090180914172347,2.278091256726411,-2.278116841752853,2.376737313502803,-2.89440394229036,5.932530376627871,-0.6552152222226111,3.182466100847634,2.327531834299359,1627.6340237413062,33.63531001146206,30.44435013090069,11.444350130900691,19.02881542390594,15.64288453566402,6.34020905420024,4.568025040051622,4.568025040051622,3.141146405139941,3.141146405139941,2.050725022656962,2.050725022656962,-2.41,522573918.22087306,4.817165835099961,5.592172599010578,2.447861681064606,163.94029396170188,19.878655672319464,11.38067233274289,0.0,5.428790391900541,1.431199657232634,8.792989444608251,4.794537184071822,9.184952231746642,0.0,0.0,0.0,24.83068721798535,23.06004611831008,53.64062840360628,44.352419580804224,22.55961649471647,1.431199657232634,4.5670996477913555,0.0,18.763742271008404,30.887348468114254,39.8617325348566,0,0.0,15.631538225321439,10.077801322358383,0.0,0.0,41.632651864114194,0.0,5.817220841045895,51.05386784550078,23.052269810213172,2.823684156656401,12.33412458931369,0,79.15,112.58074068719432,9.589074368143644,4.39041504767482,4.5670996477913555,0.0,0.0,0,0,0,5.108808191107212,26.187020712612554,169.708822968966,0.0,24.86909784804172,-0.8862948401706521,-6.580293020521647,-4.170595104917797,-6.852880448475686,-8.190957394193777,-16.480233342061446,0.0,0.41176470588235203,24,3,6,1,1,2,0,1,1,2,0,0,5,2,7,2,3,1,1,2,0,0,1.122434282830662,4,0.557099999999999,87.26870000000004,0,0,0,0,1,1,0,0,1,1,1,0,0,0,0,2,0,1,0,0,0,0,0,0,0,0,0,0,0,1,0,0,0,0,1,0,1,0,0,0,0,0,0,0,1,0,0,0,0,0,0,0,0,0,0,0,0,0,0,0,0,0,0,0,0,0,0,0,0,0,1,0,0,1,1,0,0,0,0,0,0,0,0,0,0
Cladribine+,,8.6874,-12.0506,-3.3633,11.276,4.1382,13.0948,455.1376,-84.33,-16.22,-12.8074,168.1281,0.34940000000000004,7.1378,0.1401,315.1036,307.379,-7.7071000000000005,4.1609,15.4369,0.0227,67.02,8.600154006046862,8.600154006046862,0.20206254724111802,-3.696896849017385,0.6085882754841561,52.78947368421053,286.6989999999998,273.595,286.0701433760903,102,0,0.35148280595325604,-0.393568836028574,0.393568836028574,0.35148280595325604,1.894736842105263,2.842105263157894,3.6315789473684212,35.49570153344631,10.170033108718657,2.351066910292294,-2.129239340712558,2.309029553356692,-2.414954757667035,6.282486509755436,-0.25827408721005,3.052716396205302,2.421061732105918,1082.7765610826502,24.70674230225704,21.838777321900608,9.594706267919062,14.343301008431581,10.89968416235973,5.119511267941358,3.328196637549855,3.666258339441262,2.214749781333771,2.383780632279475,1.441690425946272,1.6017987460209682,-1.32,4445194.664035973,4.605854957909419,4.655436098255607,2.069153628228602,130.9673194930795,20.66722106102279,13.654729393056762,11.16387793838399,8.145985634509527,5.817862777835028,4.235526234984602,4.5670996477913555,4.983978520947208,9.967957041894417,0.0,0.0,11.600939890232516,9.11444201366982,25.796167764683602,35.868815745369155,28.582680606451532,2.862399314465268,19.519035210632982,0.0,24.73691376516591,6.558985242916289,11.586958034010486,0,0.0,5.712741725008318,5.817862777835028,0.0,11.600939890232516,51.31807220412894,4.736862953800049,0.0,23.54294616062769,6.303371713966227,9.51911255502886,11.16387793838399,0,120.93000000000002,65.57733948332002,0.0,0.0,4.5670996477913555,0.0,0.0,0,0,0,25.16955194505605,34.401796842844185,106.70056446004372,5.754754457164118,10.79090847989793,7.085006861204929,-3.5822867204477973,-0.8145883855085241,0.0,-15.598936090639963,-3.640978617269954,0.0,0.5,19,5,8,0,1,1,0,0,2,2,3,0,7,3,9,3,5,0,1,1,0,0,1.128540180756898,3,-1.0062,64.50070000000001,0,2,0,0,0,4,0,0,0,0,0,0,0,0,0,4,0,0,0,0,0,0,0,0,0,0,0,0,0,0,0,0,0,0,0,0,1,0,0,0,0,1,0,0,1,0,0,1,0,0,0,0,0,0,0,0,0,0,0,0,0,0,0,0,0,0,0,0,0,0,0,0,0,0,1,0,0,0,0,0,0,0,0,0,0
Clotrimazole+,,8.7047,-11.9308,-3.2261,10.7731,3.4285,10.3177,529.4234,-54.07,-3.95,-12.3212,259.5022,0.2864,7.3446,0.13620000000000002,388.2261,407.4116,-7.1008,3.4325,14.2056,0.004,89.38,8.841754062736205,8.841754062736205,0.056841458805744004,-3.231481481481482,0.47336381205274103,21.48,345.8529999999997,327.70900000000006,345.1153026760905,122,0,0.310965386549768,-0.25018142911365404,0.310965386549768,0.25018142911365404,0.84,1.4,1.96,35.49569183415235,9.76447561411043,2.4342593536320942,-2.328031420047932,2.425584565948653,-2.371568025950463,6.311494353437661,-0.37738736971580206,3.162002237551458,2.6491873820352883,1603.356023270699,32.7790561913614,30.27239166400914,13.028320610027599,19.791022319648814,15.754229820754468,7.184980698263737,4.670212826379518,5.048177299388745,3.43026216894088,3.7137355236978,2.452587818714214,2.683827767955254,-2.839999999999999,1200748215.6945035,5.326454368124811,6.577182238233219,2.55304316640207,177.25719960278235,0.0,15.08730753396996,6.909683808553567,6.303371713966227,0.0,1.4118420783282,4.977003270229252,4.5670996477913555,0.0,0.0,90.15238308985536,6.042418707663295,21.71298778883231,19.190619786383078,29.691740803451186,11.600939890232516,0.0,4.5670996477913555,0.0,5.538925252383345,0.0,124.95601183171422,0,0.0,4.977003270229252,0.0,0.0,11.600939890232516,4.5670996477913555,5.538925252383345,0.0,39.99324992998474,103.2430240428819,6.434475392069527,0.0,0,19.07,130.49493708409756,0.0,0.0,4.977003270229252,4.5670996477913555,0.0,0,0,0,0.0,36.31567742345446,152.62781443338653,6.538415410402844,0.056841458805744004,-0.9164965986394551,-6.247268203577727,0.0,-14.369739701436135,-3.328455687830687,0.0,0.0,0.045454545454545005,25,1,2,0,0,0,0,3,1,4,0,0,1,0,3,1,4,0,0,0,0,0,1.40132244251161,4,4.795800000000004,100.60370000000002,0,0,0,0,0,2,1,0,0,0,0,0,0,0,0,1,1,0,0,0,0,1,0,0,0,0,0,0,0,0,0,0,0,0,3,0,0,0,0,0,0,0,0,0,1,0,0,1,0,0,0,0,0,0,0,0,0,0,0,0,0,0,0,0,0,0,0,0,0,0,0,0,0,0,0,0,0,0,0,0,0,0,0,0,0
Colchicine+,,6.6259,-10.4006,-3.7747,9.4641,4.0199,11.0141,625.5692,-67.47,-8.9,-12.0014,271.1242,0.805,5.4442,0.1837,473.4158,481.633,-6.742,4.1746,13.6387,0.1547,47.14,13.809622883237825,13.809622883237825,0.880982379062736,-4.510161328420261,0.587799866570453,37.10344827586207,400.4509999999997,374.24300000000017,400.17546397209065,154,0,0.44960801674374806,-0.49270383903500603,0.49270383903500603,0.44960801674374806,1.241379310344827,2.034482758620689,2.793103448275862,16.53055777844451,9.953630418574008,2.308178294399688,-2.185808267309507,2.492658177069295,-2.736840839055444,5.822064461342168,-0.5190944836285271,3.048525170689402,3.146215467859104,1976.205985223393,43.195787943777134,39.89670333828314,13.896703338283137,24.281363949395967,20.093916933783095,7.238455047819274,5.069431777656972,5.069431777656972,3.538143432935407,3.538143432935407,2.435089147777275,2.435089147777275,-3.219999999999999,43801172253.15853,5.47323280486137,8.426176651903862,3.721770404485165,205.7568519123895,24.056260006307408,1.37075855617022,23.26642796820136,11.178302225184446,1.431199657232634,7.309587422685812,4.794537184071822,4.985429481917713,0.0,0.0,0.0,41.66950271537655,27.095137777914907,56.935838851549605,63.35173691463867,5.897745344357611,1.431199657232634,0.0,0.0,25.615634388304084,28.151809835530354,45.51990539001953,0,34.12495031652961,29.36167168901845,0.0,22.99804733313562,0.0,39.158363370995176,6.372924901329379,0.0,63.26781781845405,28.964212014725,1.4118420783282,12.558102640626625,0,88.19000000000001,139.50093757258708,6.165295740242042,0.0,0.0,0.0,0.0,0,0,0,9.84567114490726,48.581077388876075,230.504937148659,0.0,12.928640504175089,3.997798684467155,-9.122710280131594,-8.982988596800828,-11.668798172818514,-8.829318310657602,-3.850619384206601,-15.14360825935285,0.36363636363636304,29,2,7,1,0,1,0,2,0,2,1,0,6,2,7,0,10,0,0,0,0,0,1.590290567957143,3,1.792499999999999,109.69050000000006,0,1,1,0,0,0,0,0,0,0,0,0,0,0,0,0,1,0,0,0,0,0,0,0,0,0,0,0,0,0,0,0,0,0,1,0,3,0,0,0,0,4,0,0,0,0,0,0,0,0,0,0,0,0,0,4,0,0,0,0,0,0,0,0,0,0,0,0,0,0,0,0,0,0,0,0,0,0,0,0,0,0,0,0,0
Etodolac+,,9.4186,-12.3627,-2.9441,11.3396,3.5417,1.6992,497.6796,-53.46,-7.74,-12.395,202.6758,0.1514,7.7979,0.1282,366.8077,370.36,-7.4407,3.5499,14.8895,0.0082,81.25,12.674668923915855,12.674668923915855,1.331428099017384,-4.488963884164777,0.835007707562839,49.523809523809526,288.36699999999956,266.191,288.1594199840906,112,0,0.357808920315547,-0.48113923615938003,0.48113923615938003,0.357808920315547,1.761904761904761,2.714285714285714,3.523809523809523,16.504275679160408,9.855148510146869,2.474870269938254,-2.338117611081422,2.425148524845757,-2.79571581423833,5.812227354745519,-0.530865249126876,3.056572381659385,2.852758399726013,1421.4038022999957,34.110365985079724,32.171958466891546,10.171958466891548,18.780580403831003,16.316385657891463,5.513710176427685,3.981784836020042,3.981784836020042,2.85177430278853,2.85177430278853,1.9912116792477432,1.9912116792477432,-1.65,277662165.0800574,3.467168137354678,5.278207468066861,2.187920895084684,155.4757988302674,9.84567114490726,11.384425587739395,5.601050810983688,0.0,1.431199657232634,8.792989444608251,10.097375286642242,0.0,0.0,0.0,25.78862164991795,18.788268510322055,42.26355220117574,19.785702925096768,48.811143155440114,17.22979609270468,1.431199657232634,0.0,0.0,44.79653465089256,6.558985242916289,34.951198419439706,0,0.0,5.30283810257042,5.687386274683562,0.0,0.0,23.23814953295904,15.90432503920125,0.0,69.9938744892077,23.824295436045716,2.823684156656401,7.004304187301901,0,63.14,108.83935250852369,4.794537184071822,0.0,0.0,0.0,0.0,0,0,0,5.108808191107212,35.03615933492326,184.8414598214936,0.0,12.674668923915855,0.623227161413488,-12.395246296821195,-2.478522914567061,-4.114490530780214,-16.57145286123709,-12.079643303417434,0.0,0.47058823529411703,21,3,4,0,2,2,0,1,0,1,1,0,3,2,4,2,6,0,0,0,0,0,0.871449178839472,3,2.212399999999999,80.16920000000005,1,0,0,0,0,0,0,0,1,1,1,0,0,0,0,0,0,1,0,0,0,0,0,0,0,0,0,0,0,0,0,0,0,0,1,0,2,0,0,0,0,1,0,0,0,0,0,0,0,0,0,0,0,0,0,0,0,0,0,0,0,0,0,0,1,0,0,0,0,0,0,0,0,0,1,0,0,0,0,0,0,0,0,0,0
Griseofulvin,,9.2713,-9.2606,0.010700000000000001,7.5739,0.7326,8.9469,551.5983,-16.08,-2.9,-9.1114,219.8429,0.33680000000000004,6.8413,0.1462,391.4645,390.018,-4.1532,1.2607,8.8346,0.5281,68.74,14.168060712711007,14.168060712711007,1.130222978080121,-4.195298130826406,0.8326610784751861,43.291666666666664,352.76999999999975,335.63400000000007,352.07136594400043,128,0,0.23072506743992602,-0.49616751844746304,0.49616751844746304,0.23072506743992602,1.375,2.125,2.833333333333333,35.495692173204816,9.752807379351472,2.594133458058555,-2.359455244261733,2.538726436870178,-2.511554083932234,6.348180777377053,-0.117965863890072,3.063024231908866,2.604143798311253,1357.352929352707,32.10192981664245,28.327454215792407,12.083383161810861,18.049983473961117,14.48022368882393,6.358188161833157,4.503161616207963,4.881126089217191,3.325469288422138,3.668754874888844,2.3097258264427,2.528614178802205,-2.21,130156960.03948574,5.66055218156775,5.7015415541703725,2.02158699012613,167.70949088646643,18.947451815200196,22.08510847200613,17.29192165130502,11.384295757348628,0.0,0.0,9.589074368143644,0.0,0.0,0.0,18.452832007528194,0.0,32.58592437741264,36.19220149452019,51.839421638237624,23.167429782962394,0.0,0.0,5.893957685363079,18.825867829608747,21.113857376647765,28.439740130793357,0,17.248535499851716,14.210588861400147,0.0,17.248535499851716,11.600939890232516,38.28139808036133,9.53140013787187,5.893957685363079,46.88570114928765,17.853655325355035,5.022633313741326,0.0,0,71.06,103.08844841499455,9.589074368143644,0.0,0.0,0.0,0.0,0,0,0,9.473725907600098,44.37756125272638,151.3663175022011,6.154996251329749,27.020982360156165,-1.130222978080121,-5.231616000566893,-13.882524570045087,-3.05406772276812,-4.033754251700682,-4.09002739984883,-10.592305412899524,0.41176470588235203,24,0,6,1,1,2,0,1,0,1,2,0,6,0,7,1,7,0,0,0,1,0,1.344744728448261,3,2.8103,86.12550000000005,0,0,0,0,0,0,0,0,0,0,2,2,0,0,0,0,0,0,0,0,0,0,0,0,0,0,1,0,0,0,0,0,0,0,1,0,1,0,0,0,0,4,0,0,1,0,0,0,0,0,0,2,1,0,0,3,0,0,0,0,0,0,0,0,0,0,0,0,0,0,0,0,0,0,0,0,0,0,0,0,0,0,0,0,0
Hydroquinine+,,8.3883,-11.0764,-2.6881,10.4312,3.0665,4.6499,551.621,-55.11,-5.22,-11.5815,236.8813,0.29650000000000004,7.3647,0.1358,407.0743,424.6845,-6.7489,3.0922,13.5234,0.0257,63.35,9.488760156840513,9.488760156840513,1.083575724303087,-4.880351028082136,0.9026217219225591,70.41666666666667,327.4479999999995,300.232,327.20670452409075,128,0,0.34794754364969005,-0.49674293950406206,0.49674293950406206,0.34794754364969005,1.75,2.75,3.625,16.465326707462527,9.72389525458709,2.455560725359775,-2.478175117352564,2.349167503392332,-3.195886423048169,5.834482893486975,-0.950495209047527,2.97360231302936,2.391235666412018,1824.555085645134,40.31747276626628,38.71092377192764,11.710923771927643,22.314384914307627,19.83586831040951,6.48040642444569,4.615147750704714,4.615147750704714,3.270894789364538,3.270894789364538,2.18776379971959,2.18776379971959,-1.65,10182062590.361217,3.717405303185798,6.337901628826777,2.579450840365649,181.08195963028555,14.738605625039783,17.847422328583537,0.0,1.431199657232634,0.0,1.4118420783282,4.983978520947208,0.0,0.0,0.0,6.851892117295679,42.00000890904263,45.277271031173846,44.73899233151385,50.41941160762352,10.902924932081056,1.431199657232634,4.983978520947208,11.787915370726157,38.06857731658345,20.03167182751448,35.90602153316493,0,5.749511833283905,9.62979743393257,0.0,5.749511833283905,0.0,37.573550665151174,0.0,11.787915370726157,71.88310024418634,30.34257004146794,1.4118420783282,10.902924932081056,0,46.790000000000006,127.33955729348648,5.524117746838861,0.0,0.0,0.0,0.0,0,0,0,14.82964966585447,31.58788789297747,233.45954869374228,0.0,-0.26811755171536,3.126549469324766,-2.7893717765202712,-10.973581984076667,-10.254400767379806,-19.87268780619762,-13.701503001921534,-3.476435275255727,0.55,24,2,4,0,3,3,0,1,1,2,5,2,3,2,4,4,7,0,3,3,0,0,0.9816895469196071,5,1.980099999999999,94.24450000000006,0,1,0,0,0,1,0,0,0,0,0,0,0,0,0,1,1,0,0,0,0,0,0,0,0,0,0,0,0,0,0,0,0,0,1,0,4,0,0,0,0,1,0,0,0,0,0,0,0,0,0,0,0,0,0,1,0,0,0,0,0,0,0,0,0,0,0,0,0,3,0,0,0,1,1,0,0,0,0,0,0,0,0,0,0
Hydroxychloroquine+,,8.0036,-9.7192,-1.7156,9.3792,1.7862,20.3912,594.8513,-69.49,-6.35,-10.3286,240.7223,0.249,7.593,0.1317,432.4798,441.8613,-5.5827,2.0523,11.4315,0.2661,68.8,8.867236928207497,8.867236928207497,0.762681694396335,-5.218587019875803,0.658642476197389,38.56521739130435,336.88699999999955,309.67100000000005,336.18371658409075,126,0,0.34767635061061003,-0.390516264457395,0.390516264457395,0.34767635061061003,1.652173913043478,2.608695652173913,3.434782608695652,35.49569150215683,10.110989847481232,2.089719589495584,-2.19354867369279,2.247223780682033,-3.117676868141493,6.308865016431515,-0.89839296427113,2.9608375268069,3.258610840431926,1655.773352149992,40.187716254269354,38.12785354997296,11.883782495991419,21.790617104963076,19.011029447450177,6.086318438995625,3.593095292245422,3.97105976525465,2.182472052335955,2.371454288840568,1.324940904359309,1.461689735348041,-1.359999999999999,4191228833.0714707,3.741218702133199,9.062254640025788,5.341836349421254,181.161377521772,15.311556024528109,6.496859684315945,1.4118420783282,1.431199657232634,0.0,1.4118420783282,4.983978520947208,0.0,0.0,0.0,11.600939890232516,50.61930886790329,41.994617043756314,44.26002511554755,45.723632175981436,28.191251096997135,1.431199657232634,4.983978520947208,0.0,32.467526505599764,31.359377649152496,35.36520335520927,0,0.0,10.202747833420897,5.687386274683562,0.0,11.600939890232516,43.59144313350082,0.0,0.0,59.347839385335455,30.34257004146794,7.846317470397728,10.902924932081056,0,49.59,120.6753531968587,0.0,0.0,0.0,0.0,0.0,0,0,0,10.092786712054421,48.75402905220685,220.1744300903672,5.871825115991383,-0.5486746318629541,0.908819430142428,-2.330255164159958,0.0,-9.169618749186895,-11.343002373629833,-28.202412606550183,0.0,0.5,23,3,4,0,0,0,0,1,1,2,2,0,3,3,5,1,12,0,0,0,0,0,1.474081588815558,2,2.3659,97.39520000000006,0,1,0,0,0,1,0,0,0,0,0,0,0,0,0,1,2,0,0,1,0,0,0,0,0,0,0,0,0,1,0,0,0,0,1,0,1,0,0,0,0,0,0,0,1,0,0,0,0,0,0,0,0,0,0,0,0,0,0,0,0,0,0,0,0,0,0,0,0,0,0,0,0,1,1,0,0,0,0,0,0,0,0,0,0
Ibuprofen,,10.9379,-9.6264,1.3115,8.0514,-1.0343,1.5826,434.949,-9.89,-5.85,-8.5073,155.4134,0.0614,9.0857,0.1101,307.1127,294.2104,-3.5085,0.6774,8.7288,1.7117,99.59,12.01275738308409,12.01275738308409,1.437363000755857,-4.012712191358025,0.8215995486924971,36.266666666666666,206.28500000000014,188.14099999999996,206.130679816,82,0,0.31018535153231,-0.480788501925738,0.480788501925738,0.31018535153231,1.6,2.333333333333333,2.8666666666666663,16.36640479713451,9.968471760898746,2.123540108955397,-2.085757965387075,2.16889350754164,-2.068800465423947,5.749768182058118,-0.137862068651907,2.614794598810607,4.245068196354044,897.6133951693004,26.74855866551393,25.316496580927726,7.316496580927726,14.36813182138298,12.566496580927726,3.658248290463863,2.412457478565265,2.412457478565265,1.3291241452319311,1.3291241452319311,0.727062072615965,0.727062072615965,-1.31,2223830.510396445,2.195241043594357,4.964460295417243,3.387630631562938,116.3178930336608,5.108808191107212,0.0,0.0,0.0,1.431199657232634,5.969305287951849,4.794537184071822,0.0,0.0,0.0,37.87345906524454,30.245677687382127,17.819861230212858,11.376991910043959,33.20624083007277,5.969305287951849,1.431199657232634,0.0,5.893957685363079,32.8225589385795,0.0,35.29657781404717,0,0.0,0.0,0.0,0.0,0.0,11.078113479059063,11.167462085401201,5.893957685363079,60.879432475537904,24.16967483065318,0.0,1.431199657232634,0,37.3,79.98239972594158,4.794537184071822,0.0,0.0,0.0,0.0,0,0,0,5.108808191107212,24.734095112126372,138.26587939092968,0.0,12.01275738308409,3.548795264604924,-2.941406840513983,-9.813481434240364,-6.019232804232802,-3.914287485827664,-11.4723568071372,0.0,0.461538461538461,15,1,2,0,0,0,0,1,0,1,1,0,2,1,2,0,7,0,0,0,0,0,0.7265457999863001,1,3.073200000000001,61.03480000000004,1,0,0,0,0,0,0,0,1,1,1,0,0,0,0,0,0,0,0,0,0,0,0,0,0,0,0,0,0,0,0,0,0,0,1,0,0,0,0,0,0,0,0,0,0,0,0,0,0,0,0,0,0,0,0,0,0,0,0,0,0,0,0,0,0,0,0,0,0,0,0,0,0,0,0,0,0,0,0,0,0,0,0,0,0
Indomethacin+,,7.8934,-11.9633,-4.0698,10.9843,4.6758,0.8667,570.2483,-54.39,-9.06,-12.918800000000001,238.2959,0.46680000000000005,6.3085,0.1585,408.3233,408.7987,-7.83,4.8593,15.8436,0.1835,63.95,14.094500346434863,14.094500346434863,0.753491911049544,-3.793716043258871,0.8814278873961201,30.04,358.8009999999998,341.66500000000013,358.0840621240904,128,0,0.36862129743520305,-0.496737478890632,0.496737478890632,0.36862129743520305,1.4,2.2,2.88,35.495691621408014,10.024503854063399,2.379481701956934,-2.13083077127168,2.340339962504829,-3.067169985732547,6.301973291318641,-0.691208126491712,3.176325342433417,2.7104830029345033,1553.0867060776689,32.65181786940711,28.958171230364638,12.714100176383091,18.882710252172682,14.735885241878028,6.758387828923436,4.495402289451185,4.873366762460413,3.044355392071109,3.233337628575722,2.066929693018754,2.161420811271061,-2.63,344890106.6429272,5.969033092412759,6.703474752998788,3.160238516494715,173.67080641271758,9.84567114490726,11.446551146339738,5.687386274683562,0.0,1.431199657232634,13.288327095631557,4.794537184071822,9.687471664204343,0.0,0.0,11.600939890232516,36.25451224597977,35.90729294131767,32.68191441361116,46.300900414064955,34.7379157122887,1.431199657232634,0.0,0.0,13.224817018625059,7.037952458882589,64.14350656383422,0,5.749511833283905,9.62979743393257,5.687386274683562,5.749511833283905,11.600939890232516,24.023245667293157,4.794537184071822,0.0,49.70763552864421,47.993970266698895,6.434475392069527,7.004304187301901,0,68.03999999999999,118.18569817681448,9.589074368143644,0.0,0.0,0.0,0.0,0,0,0,9.84567114490726,35.005359968346646,141.00964522198643,5.776587014942084,23.84209808566319,2.925267996137491,-6.942184044399652,-5.327121228822617,-8.283657632695633,-3.792309920110018,-3.793716043258871,-3.386831671664634,0.157894736842105,25,2,5,0,1,1,1,2,0,2,1,0,4,2,6,1,6,0,0,0,0,0,1.6005305053921282,3,2.924700000000001,94.24600000000005,1,0,0,0,0,0,0,0,1,1,2,1,0,0,0,0,1,0,0,0,0,0,0,0,0,0,1,1,0,0,0,0,0,0,2,0,1,0,0,0,0,1,0,0,1,0,0,0,0,0,0,0,0,0,0,1,0,0,0,0,0,0,0,0,0,0,0,0,0,0,0,0,0,0,1,0,0,0,0,0,0,0,0,0,0
Ketanserin+,,9.1492,-11.3242,-2.175,10.4079,3.8332,4.9042,640.389,-66.11,-5.76,-12.0369,266.9496,0.2785,6.5747,0.1521,457.8744,466.9628,-7.1205,3.8559,14.2638,0.0227,74.72,14.272696825911934,14.272696825911934,0.49702217322628206,-5.00037413935705,0.6322468733301141,43.827586206896555,396.4419999999997,373.25800000000015,396.17179623609053,150,0,0.347670160807653,-0.33341232140546,0.347670160807653,0.33341232140546,1.310344827586206,2.0,2.724137931034482,19.14214522719147,9.886776914015178,2.27738309488455,-2.282504345253707,2.169234665065143,-3.131242500086159,5.973574086884735,-0.9059243861826951,3.033443401785188,2.143353694224491,2173.9486967601206,40.81495457622364,36.94435013090069,13.944350130900691,23.082903768654763,18.984636245200154,7.590209054200241,5.184277317354948,5.184277317354948,3.391027357706421,3.391027357706421,2.075435165293272,2.075435165293272,-3.06,24907552203.52035,5.980795865138074,8.126207150619834,4.048073139800842,198.5735052090254,9.869937750361775,5.817220841045895,7.19508702469314,0.0,5.559266895052007,7.101585476531675,14.156174015934997,9.184952231746642,0.0,0.0,12.08483741532659,36.25451224597977,31.057051760569934,58.822500568068406,45.6875005481102,16.686169878445998,0.0,9.544102918020606,5.893957685363079,19.242709486974704,19.490579052947837,80.55810665544838,0,0.0,16.141944773388005,4.39041504767482,0.0,0.0,34.81792691733338,6.496859684315945,11.711178526408974,51.88976815800224,57.92842402945,2.823684156656401,10.902924932081056,0,76.37,146.7194857891895,18.774026599890284,0.0,0.0,0.0,0.0,0,0,0,0.0,31.609613836231016,205.02771576518197,0.0,36.39771128781814,-1.331368808330631,-7.313750251273181,-9.1055276465612,-11.2178159043011,-9.614880853690835,-19.592083588843156,0.0,0.318181818181818,29,2,6,0,1,1,0,2,1,3,0,0,4,2,7,2,5,0,1,1,0,0,1.675902969851122,4,1.006699999999999,107.84690000000005,0,0,0,0,0,2,1,0,0,0,1,1,0,0,0,1,2,0,0,0,1,1,0,0,0,0,0,0,0,0,0,0,0,0,2,0,1,0,0,0,0,0,0,0,1,0,0,0,0,0,0,1,1,0,0,0,0,0,0,0,0,0,0,0,1,0,0,0,0,1,0,0,0,0,1,0,0,0,0,0,0,0,0,0,0
Lamivudine+,,7.0781,-11.279,-4.201,10.809,4.5437,18.5998,407.1376,-90.81,-13.75,-12.4986,141.8148,0.5392,6.2653,0.15960000000000002,277.8419,262.6128,-7.6763,4.7026,15.5116,0.1589,57.68,12.259324530738219,12.259324530738219,0.09939578609221401,-3.289152021919879,0.6583576099016161,52.266666666666666,230.2690000000001,218.17299999999997,230.05938866409,82,0,0.35427093797846404,-0.392758377436837,0.392758377436837,0.35427093797846404,2.266666666666666,3.2,4.0,32.166667004911986,10.511606403153436,2.268313286492984,-2.121232579639827,2.296741309168608,-2.439592084080085,7.995212570903754,-0.26094441460871504,2.678729392395775,2.743545198847505,829.3345794854808,21.21517847069432,18.974633948355326,7.791130529283052,11.93410472517248,9.3162747348552,4.382882238819189,2.2910563113975932,3.070095413760054,1.3791758992765701,2.007920470759362,0.812338809256506,1.287568284565776,-0.889999999999999,287419.6276158895,3.299691681947707,4.314341428725623,2.201769109850832,107.18739583302315,15.558412869915578,11.616002820707322,0.0,7.249062435067662,0.0,9.925269633188076,4.5670996477913555,4.794537184071822,0.0,16.745863470338325,0.0,0.0,20.661787915968652,14.783536579937607,30.760007554261932,17.57974772722614,1.431199657232634,9.551078168738563,0.0,11.616002820707322,12.263942128066446,22.69959450075335,0,0.0,11.402485123211791,5.817862777835028,0.0,11.761884949391115,33.76707815591563,4.736862953800049,0.0,17.170021259298313,17.009851102549877,4.235526234984602,0.0,0,91.99000000000001,53.31560676829864,4.794537184071822,0.0,16.32898459718247,0.0,0.0,0,0,0,10.092786712054421,21.369657295379046,95.23625514251461,-0.24033714411690602,15.35998252078609,3.7313384089989423,-10.083286959277897,-1.099056161816578,-1.117724684009405,-4.529589002267573,-3.257582120811287,0.0,0.5,15,4,6,0,1,1,0,0,1,1,2,0,6,2,7,2,4,0,1,1,0,0,0.9490664350298881,2,-1.3029,54.49890000000001,0,1,0,0,0,2,0,0,0,0,0,0,0,0,0,2,0,0,0,0,0,0,0,0,0,0,0,0,0,0,0,0,0,0,0,0,0,0,0,0,0,1,0,0,0,0,0,0,0,0,0,0,0,0,0,0,0,0,0,0,0,0,0,0,0,0,0,0,0,0,0,0,0,0,1,1,0,0,0,0,0,0,0,0,0
Lidocaine+,,9.5796,-11.3933,-1.8137,10.9457,1.9106,10.6489,470.4617,-57.92,-3.2800000000000002,-11.3775,178.0677,0.08420000000000001,9.0351,0.1107,345.1837,339.211,-6.4282,2.2867,13.2324,0.37610000000000005,97.37,13.415457294028718,13.415457294028718,0.9388284202569911,-4.764295753023433,0.788916689421531,36.588235294117645,235.3510000000002,212.16699999999997,235.18048977608998,94,0,0.34803064594377103,-0.327605074212429,0.34803064594377103,0.327605074212429,1.529411764705882,2.176470588235294,2.705882352941176,16.150137625790563,10.09969273162846,2.119892081562478,-2.160746626083974,2.182901042673906,-3.120046703137976,5.92518181613543,-0.887536879788496,2.708471986040583,4.35834662140252,1087.5480231672232,32.61880215351701,31.30267548146378,8.30267548146378,17.169443416399233,15.466585324981743,4.072158133981826,2.561383154283389,2.561383154283389,1.493009185604959,1.493009185604959,0.8174964398237491,0.8174964398237491,-1.349999999999999,32203894.422341704,2.248488106853391,6.401220913530595,3.858200815473424,136.25259275686133,10.202747833420897,2.74151711234044,7.908701762644146,0.0,5.9071797293515065,1.4118420783282,4.794537184071822,0.0,0.0,0.0,18.127256122989884,38.53447145257671,22.1364889487262,22.589029261823427,41.29708550043538,11.594566004035068,0.0,0.0,0.0,27.407568469182717,24.800392406236206,29.254159106383874,0,0.0,10.202747833420897,5.687386274683562,0.0,0.0,25.39775878229934,4.794537184071822,13.703784234591359,53.616616897560014,18.127256122989884,2.823684156656401,0.0,0,33.54,97.9496204659704,4.794537184071822,0.0,0.0,0.0,0.0,0,0,0,0.0,31.609613836231016,178.46228819873906,0.0,9.608322389140836,-0.9388284202569911,-4.783007054673723,-2.725666099773241,-4.088231039393105,0.0,-29.618211307116212,0.0,0.5,17,2,3,0,0,0,1,1,0,1,0,0,1,2,3,0,9,0,0,0,0,0,0.846651123142043,1,1.166639999999999,71.45740000000004,0,0,0,0,0,0,0,0,0,0,1,1,0,0,0,0,2,0,0,1,0,0,0,0,0,0,0,1,0,1,0,0,0,0,1,0,0,0,0,0,0,0,0,0,0,0,0,0,0,0,0,0,0,0,0,0,0,0,0,0,0,0,0,0,1,0,0,0,0,0,0,0,0,0,1,0,0,0,0,0,0,0,0,0,0
Mizolastine+,,6.7044,-9.8878,-3.1834,9.8488,3.5267,14.4772,679.9609,-72.7,-4.87,-11.456,303.2952,0.366,6.3221,0.1582,495.4162,511.9061,-6.6878,3.5373,13.3861,0.0106,76.3,14.686070307231113,14.686070307231113,0.210277020683541,-4.640329968911096,0.525486891420593,34.59375,433.51099999999974,407.3030000000002,433.21466409209074,164,0,0.35810995744505,-0.342175689124526,0.35810995744505,0.342175689124526,1.375,2.15625,2.9375,19.14214590418211,10.042526047264854,2.308203424457612,-2.341020380444369,2.2513980252394,-2.457724897749012,5.73801766880477,-0.33159303816838903,3.398948579126875,2.038623409725765,2437.8128543138273,44.90881270335832,41.469494336472835,15.469494336472838,25.964784490484707,21.391635538986147,8.49720834798623,5.803809576162867,5.803809576162867,3.818216684143894,3.818216684143894,2.471118502683088,2.471118502683088,-3.679999999999999,522746425740.2237,6.214691978977911,8.452068204894788,3.9547673088237882,221.34616667327288,4.899909730850478,16.85062227627842,1.4118420783282,5.948339280986494,6.971108973380208,5.948339280986494,14.671450185151553,18.91849648664264,0.0,0.0,24.16967483065318,42.478976125008934,34.804343180301494,42.793474507841594,45.08930782264577,22.93007999720551,0.0,14.528081438967817,0.0,25.260601955324347,29.76936573061509,82.28913999165115,0,0.0,20.336089626982215,16.28709360964781,0.0,0.0,40.51552017623159,6.496859684315945,5.817220841045895,51.207506642441075,65.34920076385623,2.823684156656401,11.033401435232523,0,71.30000000000001,160.43165376095357,10.555710787916862,0.0,9.544102918020606,0.0,0.0,0,0,0,4.983978520947208,34.35113094857146,237.5018254727398,0.0,13.564497205817261,0.0,-5.7307473001629194,-5.414960632490447,-16.875832510994854,-10.680808039659073,-17.28064086191644,0.0,0.291666666666666,32,2,7,0,1,1,0,2,2,4,0,0,5,1,8,3,6,0,1,1,0,0,1.641468764960433,5,2.8313,122.49140000000001,0,0,0,0,0,4,2,0,0,0,0,0,0,0,0,4,2,0,0,0,0,2,0,0,0,0,0,0,0,2,0,0,0,0,2,0,1,0,0,0,0,0,0,0,1,0,0,1,0,0,0,0,0,0,0,0,0,0,0,0,0,0,0,0,2,0,0,0,0,1,0,0,0,0,0,0,0,0,0,0,0,0,0,0,0
Nevirapine+,,9.3815,-12.7039,-3.3224,11.7596,4.2454,0.8681000000000001,464.091,-49.95,-3.81,-12.8964,186.7853,0.2637,7.5142,0.1331,323.3477,319.402,-8.0025,4.2613,16.0209,0.0159,73.98,13.289129818594102,13.289129818594102,0.15818263416477701,-3.29562677154195,0.8199424414942761,42.9,267.3119999999998,252.19199999999998,267.1240375200903,100,0,0.362920125838658,-0.31503648593230604,0.362920125838658,0.31503648593230604,1.55,2.4,3.2,16.149550522192897,10.201193707182506,2.4297614140375132,-2.1666134784903432,2.299213293390852,-3.040647317395678,6.082779135310358,-0.777644066767739,3.090126717916039,2.330974653991347,1310.9006213336336,26.842416792648606,24.697102672463696,9.697102672463696,15.707137116633941,12.86101251598166,5.466585324981743,3.919006946408316,3.919006946408316,2.7313549027620763,2.7313549027620763,1.82594727959641,1.82594727959641,-2.27,21746111.670469932,3.88717940529341,4.111622576003467,1.6320438134843802,137.40273027322763,5.3098133532883764,11.250837766380558,1.4118420783282,5.817862777835028,11.725042507186533,1.4118420783282,4.794537184071822,14.86089152202694,0.0,0.0,0.0,30.54259973198256,34.686950117479824,14.242443805370964,30.331017051073598,23.230291559705126,0.0,9.967957041894417,0.0,25.615634388304084,5.3098133532883764,41.5999495280134,0,0.0,10.202747833420897,17.323111830353618,0.0,0.0,21.893029239595567,0.0,6.851892117295679,46.487151200337465,30.473046544619407,2.823684156656401,0.0,0,59.32,95.33880995615513,6.206379262400023,0.0,5.3098133532883764,0.0,0.0,0,0,0,9.967957041894417,19.23170330854106,121.93393947625347,0.0,18.22635393046107,-0.15818263416477701,-3.270585789871503,-3.822980442176869,-6.34173021909381,-8.437854216532294,-3.29562677154195,0.0,0.266666666666666,20,2,5,1,1,2,1,0,2,2,1,0,3,2,5,3,2,1,0,1,0,0,0.799130729989005,4,1.361219999999999,74.46890000000002,0,0,0,0,0,2,0,0,0,0,1,1,0,0,0,2,2,0,0,0,0,0,0,0,0,0,0,1,0,1,0,0,0,0,0,0,2,0,0,0,0,0,0,0,0,0,0,0,0,0,0,0,0,0,0,0,0,0,0,0,0,0,0,0,0,0,0,0,0,0,0,0,0,2,1,0,0,0,0,0,0,0,0,0,0
Omeprazole+,,6.219,-10.1316,-3.9125,9.9506,3.9246,12.5864,582.111,-50.76,-4.65,-11.8254,237.6075,0.4354,6.026,0.16590000000000002,409.2783,407.2741,-6.9376,3.9936,13.9442,0.069,66.47,13.737247574955903,13.737247574955903,0.024819932602670004,-3.728395219198789,0.7688969417435111,27.166666666666668,346.43199999999973,326.2720000000001,346.12198892009053,126,0,0.45304448041753204,-0.49668496917011606,0.49668496917011606,0.45304448041753204,1.5,2.416666666666666,3.208333333333333,32.197279129806255,10.133554795333612,2.196291118328252,-2.069712086644476,2.243469253455856,-2.1691865191891,7.835922619629985,-0.38926360884028904,3.152223542090765,2.457231815821738,1669.8246642717136,34.281574381404035,31.474633948355326,12.291130529283054,19.536252365748634,15.877479515558047,7.13288223881919,4.133771422179344,5.240501417646651,2.695317925468695,3.588282067121582,1.645567898100647,2.40856653715389,-2.41,567276175.5143917,4.817165835099961,6.604258967706701,2.98924702671277,170.46019674260907,14.45072917782935,18.574739107888192,18.435101765812128,0.0,0.0,1.4118420783282,4.208898492164469,9.960981791176462,0.0,0.0,0.0,25.78862164991795,14.266970044684614,62.114122497168445,46.156965837714196,21.83297047813683,0.0,9.960981791176462,0.0,24.565177601562226,14.075904917765177,41.1209823120471,0,11.49902366656781,14.45072917782935,0.0,11.49902366656781,0.0,28.245785201106106,16.504525928054466,13.703784234591359,41.49448498930643,29.45658781562535,2.823684156656401,11.033401435232523,0,78.35000000000001,113.09405897607911,4.208898492164469,0.0,9.954006540458504,0.0,0.0,0,0,0,14.457704428547306,27.497338167720358,180.16356547041846,0.0,3.379876803057717,-1.167922414336105,-9.674821500314444,-2.503302529226466,-2.898185468059481,-1.4586164090747,-7.145879661795849,-10.222492068446915,0.29411764705882304,24,2,6,0,0,0,0,1,2,3,1,0,4,1,7,2,9,0,0,0,0,0,1.325575444391219,3,2.31884,91.78180000000005,0,0,0,0,0,3,2,0,0,0,0,0,0,0,0,1,2,0,0,0,0,2,0,0,0,0,0,0,0,0,0,0,0,0,1,0,1,0,0,0,0,2,0,0,0,0,0,1,0,0,0,0,0,0,0,2,0,0,0,0,0,0,0,0,0,0,0,0,0,0,0,0,0,1,0,0,0,0,0,0,0,0,0,0,0
Palbociclib+,,6.7777,-9.6632,-2.8855,8.874600000000001,2.8628,41.6002,717.0507,-86.37,-7.57,-10.7738,312.7914,0.5719000000000001,6.0118,0.1663,533.3407,547.7501,-5.8687000000000005,2.8645,11.7391,0.0017000000000000001,58.24,14.484736892245076,14.484736892245076,0.313844009826153,-4.412510674480129,0.5741820335787781,45.75757575757576,448.5509999999997,418.31100000000026,448.24554962009086,172,0,0.34591276003548005,-0.35899216769415604,0.35899216769415604,0.34591276003548005,1.333333333333333,2.151515151515151,2.909090909090909,16.14864036173816,10.03419045053563,2.255056094063427,-2.2648455595959662,2.316576330881919,-2.894188287294153,5.990187120279813,-0.6552097751569991,3.153335557279005,1.942869402958975,2471.255345935856,49.358924650593664,45.94699174942743,15.946991749427434,27.684317300084626,23.5775978409634,8.735957054463528,6.054361681515148,6.054361681515148,4.12627411733676,4.12627411733676,2.741193937143875,2.741193937143875,-3.33,2312521522633.1035,6.015936347374231,8.897288872412561,4.083227162146443,234.13225547263474,15.512561186709274,11.465039998602755,7.19508702469314,5.948339280986494,5.559266895052008,2.823684156656401,14.156174015934997,9.967957041894417,4.983978520947208,0.0,12.745849802658759,44.0979229442737,36.767631680012286,61.231032944671995,51.34338253822282,34.270234715102546,0.0,19.519035210632982,0.0,45.21337630825852,36.19716182140263,45.91133489947393,0,0.0,21.071828081761282,17.453588333505085,0.0,0.0,51.289718894261696,0.0,6.851892117295679,91.29340537502453,29.225165021027934,4.235526234984602,11.033401435232523,0,109.62,161.3576949572393,10.959832924313863,0.0,5.3098133532883764,0.0,0.0,0,0,0,14.951935562841626,39.875248695410335,248.40752115455246,0.0,38.14642528323331,-4.880542215751806,-9.176296243346695,-5.182218964290429,-7.437682526994067,-19.99993033647361,-23.960609484262463,0.0,0.45833333333333304,33,3,9,1,1,2,0,0,3,3,0,0,8,2,9,4,7,1,1,2,0,0,1.621985561231364,5,1.9396199999999992,127.43660000000007,0,0,0,0,0,4,0,0,0,0,1,1,0,0,0,5,1,1,0,0,0,0,0,0,0,0,0,0,0,3,1,0,0,0,0,0,1,0,0,0,0,0,0,0,0,0,0,0,0,0,0,1,1,0,0,0,0,0,0,0,0,0,0,0,0,0,0,0,0,0,1,0,0,2,1,0,0,0,0,0,0,0,0,0,0
Paracetamol+,,8.2361,-12.0393,-3.8032,12.3814,4.1148,4.7964,335.2392,-61.19,-9.28,-13.1919,104.5561,0.1832,8.2666,0.121,214.096,194.5345,-8.2481,4.1148,16.4962,0.0,79.66,7.650740740740741,7.650740740740741,0.0054837490551770006,-3.002623653628118,0.30307203229976104,25.818181818181817,152.1730000000001,142.093,152.07060498009,58,0,0.45708340471950104,-0.5079582286167801,0.5079582286167801,0.45708340471950104,1.727272727272727,2.545454545454545,3.090909090909091,16.265215058687673,10.290428535254794,1.959690689387038,-1.8771134254370572,2.08192577323242,-2.650225415718585,5.646320190396412,-0.365636913534505,2.363232543929283,3.771104080509364,566.6960961746869,16.5330157158901,15.263710176427683,5.263710176427684,9.572803290510432,7.369172062391506,2.605461885963821,1.594686906265383,1.594686906265383,0.8022141162622031,0.8022141162622031,0.45187968107923004,0.45187968107923004,-1.509999999999999,22096.2242857388,1.800768622448106,3.0531381005525,2.292303972882069,78.92617948871325,10.217616382214425,5.749511833283905,0.0,5.687386274683562,2.862399314465268,7.309587422685812,0.0,0.0,4.985429481917713,0.0,0.0,12.08483741532659,16.197113083837248,12.334926341976558,26.210197835651872,11.585131619041174,2.862399314465268,0.0,0.0,6.851892117295679,0.0,24.16967483065318,0,5.749511833283905,4.985429481917713,5.687386274683562,5.749511833283905,0.0,17.546561383804672,0.0,0.0,16.447202010487217,24.16967483065318,1.4118420783282,1.431199657232634,0,54.43000000000001,48.35621040027394,0.0,0.0,4.985429481917713,0.0,0.0,0,0,0,10.217616382214425,13.86955128598501,72.73672902494332,0.0,-0.0054837490551770006,7.857732780612244,-0.73224537037037,-1.826650604686318,-3.110791761148902,0.0,-3.002623653628118,0.0,0.125,11,3,3,0,0,0,0,1,0,1,0,0,2,3,3,0,3,0,0,0,0,0,0.49981775377052307,1,0.08069999999999901,42.03930000000002,0,1,1,0,0,0,0,1,0,0,0,0,0,0,0,0,1,0,0,0,0,0,0,0,0,0,0,0,0,0,0,0,0,0,1,0,0,0,0,0,0,0,0,0,0,0,0,0,0,0,0,0,0,0,0,0,0,0,0,0,0,0,0,0,0,1,1,0,0,0,0,0,0,0,0,0,0,0,0,0,0,0,0,0,0
Quinine+,,8.2342,-10.7221,-2.4879,10.2023,2.9328000000000003,9.217600000000001,529.5613,-55.81,-5.59,-11.3117,236.2199,0.3136,7.2695,0.1376,399.3683,416.2566,-6.5675,2.9667,13.169,0.0339,61.88,9.468682681405895,9.468682681405895,1.03200488119184,-4.715292540627366,0.842242673488881,67.58333333333333,325.43199999999956,300.232,325.1910544600907,126,0,0.347956506610253,-0.49674293950406206,0.49674293950406206,0.347956506610253,1.833333333333333,2.833333333333333,3.708333333333333,16.465326529228633,9.73349193597455,2.452920127004116,-2.471450995827314,2.342990095365807,-3.195498411235109,5.834501929331083,-0.949359140686265,2.975119483524657,2.386488449084894,1807.2446166964792,38.47217330464553,36.71092377192764,11.710923771927643,21.668444189804653,18.83586831040951,6.48040642444569,4.615147750704714,4.615147750704714,3.270894789364538,3.270894789364538,2.18776379971959,2.18776379971959,-1.909999999999999,5705971542.045695,3.916037229612769,6.187607918654215,2.502406333999389,177.58241559776567,14.738605625039783,17.847422328583537,0.0,1.431199657232634,0.0,1.4118420783282,4.983978520947208,0.0,0.0,6.531038962001867,6.052071746035566,35.62708400771325,38.42347825032273,48.85126800002452,47.67789449528308,10.902924932081056,1.431199657232634,4.983978520947208,11.787915370726157,24.843760297958394,20.03167182751448,48.48913224120237,0,5.749511833283905,9.62979743393257,0.0,5.749511833283905,0.0,37.573550665151174,0.0,11.787915370726157,55.91676611322085,42.925680749505375,1.4118420783282,10.902924932081056,0,46.790000000000006,126.69785098289884,4.153359190668641,0.0,0.0,0.0,0.0,0,0,0,14.82964966585447,30.21712933680725,216.47024280904517,0.0,-0.050796041155213,3.216322816935415,-2.659579154728415,-10.117880078658853,-11.85178038587957,-14.699468033227731,-10.783256324162231,-3.440472274835309,0.45,24,2,4,0,3,3,0,1,1,2,5,2,3,2,4,4,6,0,3,3,0,0,1.009620957154028,5,1.756099999999999,94.15050000000004,0,1,0,0,0,1,0,0,0,0,0,0,0,0,0,1,1,0,0,0,0,0,0,0,0,0,0,0,0,0,0,0,0,0,1,0,4,0,0,0,0,1,0,0,0,0,0,0,0,0,0,0,0,0,0,1,0,0,0,0,0,0,0,0,0,0,0,0,0,3,0,0,0,1,1,0,0,0,0,0,0,0,0,0,0
Ribavirin+,,8.1904,-12.701,-4.5106,11.871,4.7821,15.0624,411.6153,-80.79,-18.89,-13.368,138.2936,0.4096,7.0889,0.1411,279.8415,269.8756,-8.3266,4.8901,16.7611,0.108,71.78,11.835665515440947,11.835665515440947,0.142798563869992,-3.767160808767953,0.427919227661743,62.705882352941174,245.21500000000012,232.111,245.08804593609,94,0,0.37998527703481705,-0.393566843100327,0.393566843100327,0.37998527703481705,1.8823529411764701,2.764705882352941,3.470588235294117,16.564090614173764,10.131845766397301,2.435649715602647,-2.131412466484549,2.277079351501476,-2.568936818221502,5.801580428679012,-0.255618014420303,3.110575211453931,2.79916091760194,849.9862797713483,23.55204176387779,20.83009583431915,7.830095834319148,13.42079793261701,10.082771315782928,4.016385657891464,2.749015305244651,2.749015305244651,1.727136372191195,1.727136372191195,1.011793315086669,1.011793315086669,-1.3900000000000001,1558622.1423536441,3.80037559191475,4.468309415586935,2.056569374223695,114.13856254668447,20.063287527121684,25.914184350986414,6.203952809936554,4.293598971697903,5.824404497999927,10.142705964336107,5.712741725008318,14.460318640164214,0.0,5.098681808301038,0.0,0.0,0.0,14.783536579937607,44.401402564377975,5.9071797293515065,4.293598971697903,14.76446326439343,0.0,24.44400689078652,6.558985242916289,12.127776211966154,0,0.0,5.712741725008318,0.0,0.0,0.0,65.09070586253073,4.736862953800049,0.0,26.41820438519984,6.303371713966227,4.235526234984602,0.0,0,145.34,54.75068980002878,4.794537184071822,0.0,4.6818029351451855,0.0,0.0,0,0,0,25.409084902569884,22.86129805367409,102.19575309446681,0.0,15.027079363387532,14.87681294603598,-2.591168785619543,-2.935910953115813,0.0,-16.1285476899093,-3.694017975245654,0.0,0.625,17,6,9,0,1,1,1,0,1,1,4,0,8,4,9,2,6,0,1,1,0,0,0.998897296477614,2,-3.728299999999999,50.250000000000014,0,3,0,0,0,3,0,0,0,0,1,1,0,0,0,3,0,0,0,0,0,0,0,0,0,0,0,1,0,0,0,0,0,0,0,0,0,0,0,0,0,1,0,0,0,0,0,0,0,0,0,0,0,0,0,0,0,0,0,0,0,0,0,0,0,0,0,0,0,0,0,0,0,0,1,0,0,0,0,0,0,0,0,0,0
Risperidone+,,8.8651,-11.3195,-2.4544,10.4283,3.5231,4.2748,647.6302,-49.28,-3.5300000000000002,-11.89,279.3598,0.22940000000000002,6.9052,0.1448,482.7548,495.8029,-6.9757,3.5235000000000003,13.9518,0.0004,81.43,14.539223577157122,14.539223577157122,0.6745693241781531,-5.107154184708526,0.7147719188223011,55.1,411.50099999999964,383.27700000000016,411.21908077609083,158,0,0.347626091761964,-0.35589090935030104,0.35589090935030104,0.347626091761964,1.5,2.3666666666666663,3.2,19.14214814206961,9.912007692616614,2.275668238911187,-2.283350542633409,2.298996868465523,-3.128408390356121,5.794265196394761,-0.9047494109648061,3.514473645867096,1.918491456376234,2298.946417702299,45.54952357383516,42.48331543593679,14.483315435936786,25.379786847444315,21.989479488053306,8.042265892553345,5.631490912854904,5.631490912854904,3.815300408690914,3.815300408690914,2.471584920073936,2.471584920073936,-2.54,320627751038.24567,5.437889807459874,7.945993904374621,3.554833815619076,213.63652773238843,9.41602941710587,11.641625339045822,5.583020141642242,0.0,5.559266895052007,1.4118420783282,9.361636831863176,9.374393568622029,0.0,0.0,5.156663257125445,31.68257933528103,85.24219339473399,37.52133405332829,52.22876755970487,10.969244356107037,0.0,14.707741425864008,0.0,57.48025889495097,19.490579052947837,57.07399302255345,0,0.0,10.45220137518453,4.39041504767482,0.0,0.0,34.198320478811844,19.242709486974704,12.669112958341575,91.17185028667032,27.444888244035056,1.4118420783282,10.969244356107037,0,65.36000000000001,149.67957227041137,9.184952231746642,0.0,0.0,0.0,0.0,0,0,0,10.140641778072654,42.94541803189751,256.69650061774706,0.0,13.601957980732816,2.029693670497483,-9.599504374391522,-7.876601652869884,-4.142883053161712,-26.2598119931588,-23.116017862062193,0.0,0.521739130434782,30,1,6,0,2,2,0,1,2,3,0,0,5,1,7,4,5,0,1,1,0,0,1.440314642091234,5,2.173319999999998,111.38170000000005,0,0,0,0,0,3,0,0,0,0,0,0,0,0,0,3,1,0,0,0,1,0,0,0,0,0,0,0,0,0,2,0,0,0,1,0,2,0,0,0,0,0,0,0,1,0,0,0,0,0,0,0,0,0,0,0,0,0,0,0,0,0,0,0,0,0,0,0,0,1,0,0,0,0,1,0,0,0,0,0,0,0,0,0,0
Ritonavir+,,7.6768,-10.8588,-3.1819,9.294,3.4685,9.8617,942.9612,-57.99,-7.15,-11.4865,510.6439,0.4753,5.8255,0.17170000000000002,786.4105,878.8926,-6.3813,3.495,12.789,0.026500000000000003,78.21,15.196472897601646,15.196472897601646,0.13242016024081402,-6.13798919186974,0.07749272507999501,34.12,721.970000000002,672.5780000000001,721.3200370880915,268,0,0.449319788183264,-0.46198911292072303,0.46198911292072303,0.449319788183264,1.12,1.88,2.52,32.13466401627502,9.93462692055471,2.322996519424761,-2.2572383005308,2.198582065217909,-2.8369574793839902,7.094791706841365,-0.515792502585799,1.1336989402460311,2.541815266698134,3754.2177489272995,78.38350419804648,73.04101960624679,25.67401276810224,43.77153457415446,36.60626719049664,14.081122984924495,8.056093760031436,9.645987003093135,4.659499752410454,6.004990151560716,2.72696970705855,3.607793289587748,-4.33,5.29631930316998e+27,9.553016791497864,19.165556143146798,12.21811936765673,371.2276107924002,30.474015773441703,7.929743799086509,14.859469093355692,1.431199657232634,1.431199657232634,19.433942005962297,4.983978520947208,19.558482371008562,0.0,22.673571755869474,87.83175554581567,23.39378557008645,68.67209080070155,67.07523110124161,94.07788589255009,40.695671683503576,2.862399314465268,25.487493479321646,5.893957685363079,89.6098412177651,6.975826900282246,104.1453894787309,0,0.0,15.605056188494466,9.589074368143644,0.0,22.673571755869474,75.64830507210722,30.538557683691042,5.893957685363079,126.69342939616119,77.43978760993437,4.235526234984602,1.431199657232634,0,150.88,256.4888670070552,21.284723380272442,4.794537184071822,11.336785877934737,0.0,0.0,0,0,0,24.92243637790889,50.92111582473896,429.18788925705053,-0.642475386850415,31.51779456795707,1.628166497731901,-7.51526243630189,-13.141516003231018,-39.47710248592978,-27.25223584825326,-32.13859149550679,0.0,0.432432432432432,50,5,11,0,0,0,3,2,2,4,4,0,9,5,13,2,23,0,0,0,0,0,3.6617775930775283,4,4.826100000000006,197.35269999999946,0,2,1,0,0,2,0,0,0,0,2,2,0,0,0,3,3,0,0,0,0,0,0,0,1,0,0,3,0,0,0,0,0,0,2,0,0,0,0,0,0,1,0,0,0,0,0,0,0,0,0,0,0,0,0,0,0,0,0,0,0,0,0,0,0,0,0,0,0,0,0,0,0,0,0,0,0,0,0,0,2,0,0,0,1
Salicin,,11.0575,-9.2254,1.8321,7.6166,-1.9318,3.2518000000000002,479.6862,-27.31,-17.37,-8.0723,177.2733,0.0456,9.5484,0.1047,337.7619,334.3399,-2.8424,0.42310000000000003,8.0397,2.3548999999999998,103.93,8.556324640967498,8.556324640967498,1.109596922638047,-4.236764928193502,0.44999340434058005,66.4,286.27999999999963,268.13599999999997,286.1052529160005,112,0,0.22873842796797703,-0.461604636258486,0.461604636258486,0.22873842796797703,1.25,2.1,2.85,16.705617398089917,9.99195709954366,2.4431060594737373,-2.392546651639636,2.258746810101245,-2.596114870338644,5.323557666679209,-0.277212608627153,2.87010787002789,3.066437235381184,1073.814682362177,29.91384908344359,27.357738033247042,9.357738033247042,17.12028553249611,13.3783587594067,4.837117307087384,3.216326495188785,3.216326495188785,2.041454059492991,2.041454059492991,1.1608258812338201,1.1608258812338201,-1.22,47779848.106041655,4.159443161083322,6.487108874054654,2.927399855562322,140.9012462803946,35.01776686313616,31.440342497254075,0.0,13.422076654700067,0.0,0.0,0.0,0.0,0.0,0.0,18.127256122989884,6.042418707663295,5.563451491696996,29.567073159875214,52.83762809334906,0.0,7.155998286163171,0.0,0.0,37.14513571925314,6.558985242916289,29.733126322350174,0,5.749511833283905,4.736862953800049,0.0,5.749511833283905,0.0,69.84517496095239,11.295848196716339,0.0,23.383312721909853,24.16967483065318,0.0,0.0,0,119.61000000000001,79.1867591178035,0.0,0.0,0.0,0.0,0.0,0,0,0,25.54404095553606,34.449585423976124,150.0383316561435,0.0,0.0,19.445188195233964,-1.362766544889561,-1.510897108843537,-4.8889358094273305,-20.989784173700357,-7.481136214516672,0.0,0.538461538461538,20,5,7,0,1,1,0,1,0,1,5,0,7,5,7,1,9,0,1,1,0,0,1.3491380320694781,2,-1.6424000000000012,66.76000000000003,0,5,0,0,0,0,0,0,0,0,0,0,0,0,0,0,0,0,0,0,0,0,0,0,0,0,0,0,0,0,0,0,0,0,1,0,0,0,0,0,0,2,0,0,0,0,0,0,0,0,0,0,0,0,0,0,0,0,0,0,0,0,0,0,1,0,0,0,0,0,0,0,0,0,0,0,0,0,0,0,0,0,0,0,0
Tetracycline+,,8.0151,-10.6955,-2.6804,10.1034,3.9814,14.0789,598.0846,-73.27,-17.5,-11.8703,281.2628,0.5687,6.122,0.1633,443.2591,485.5703,-7.0424,4.0506,14.154,0.0692,57.91,14.750549919048067,14.750549919048067,1.0946044632585,-5.309544241307634,0.26468546075590704,55.0625,445.44799999999975,420.2480000000002,445.1605421800906,170,0,0.347775274793759,-0.508260325624,0.508260325624,0.347775274793759,1.40625,2.28125,2.90625,16.349699175563906,9.551796936412533,2.664103615585703,-2.511698153866766,2.552250003179879,-3.119043972909839,6.243876099328677,-0.886776697176286,3.086543654704485,2.6638483125668273,2016.8346235020686,44.6184376745875,40.160413514710825,15.160413514710822,25.61289671833528,20.160302591674558,8.27742035285537,6.74716272063888,6.74716272063888,5.060961191353068,5.060961191353068,3.640294084188306,3.640294084188306,-3.210000000000001,236320343529.4443,6.894059400749265,6.644026762190543,2.47848404404513,218.16102054476045,36.15669241139486,18.452539791179568,25.985037254010848,8.645644260830208,10.200778701049408,1.4118420783282,14.383611552215466,0.0,0.0,0.0,12.08483741532659,24.83068721798535,21.062372108623883,43.34694079414026,72.35900867776239,17.473669622081385,7.155998286163171,0.0,17.507632346452432,30.44481110894208,13.951653800564491,51.918697909834755,0,5.749511833283905,10.612651455858796,0.0,5.749511833283905,0.0,72.88190662921319,15.190125179127332,11.787915370726157,52.44915264098466,40.791794926440765,4.235526234984602,2.862399314465268,0,182.82,141.93891110129158,21.237404333066564,0.0,0.0,0.0,0.0,0,0,0,25.54404095553606,27.840627195190415,210.9022974823032,0.0,38.87768320035025,21.84443556189948,-18.551817346900634,-24.08461671694874,-9.798115291882224,-5.226290627362056,-14.046909594792671,0.0,0.409090909090909,32,8,10,3,0,3,1,1,0,1,5,0,8,7,10,0,10,0,0,0,0,0,1.431384848709669,4,-1.6314999999999982,108.66460000000002,0,4,2,0,0,0,0,1,0,0,3,3,0,0,0,0,1,1,0,1,0,0,0,0,0,0,0,1,0,0,0,0,0,0,1,0,3,0,0,0,0,0,0,0,0,0,0,0,0,0,0,2,2,0,0,0,0,0,0,0,0,0,0,0,0,1,1,0,0,0,0,1,0,0,1,0,0,0,0,0,0,0,0,0,0
Vardenafil+,,6.598,-10.0893,-3.4913,9.6927,3.4894,14.5738,725.2799,-65.38,-4.89,-11.366,332.9303,0.5288,6.2033,0.1612,571.7915,582.8173,-6.5911,3.5015,13.1942,0.012100000000000001,57.3,14.80601995883218,14.80601995883218,0.30597023854688105,-6.952096488835302,0.480430432992257,40.05882352941177,489.6219999999997,456.3580000000003,489.2278509560909,184,0,0.34768579425198404,-0.493111618301978,0.493111618301978,0.34768579425198404,1.352941176470588,2.205882352941176,2.941176470588235,32.23342767180354,10.159890090021898,2.305533469238216,-2.305422436378209,2.310900054339513,-3.140603158664292,7.887435370898936,-0.9013646194681331,3.5269021153178013,2.364892780397626,2664.0568872895637,53.204224112214405,49.22452302531906,17.04101960624679,29.096930329762934,24.86011286409578,9.905749001896499,5.811233503267275,7.534762845057566,3.902150768645966,5.285473201716374,2.516266644308142,3.431895648161628,-2.76,7348384519260.7,6.3185756474096735,9.847325219794989,4.468392132046619,245.6431797836346,9.62979743393257,11.573916331283833,12.75294729394439,10.023291153407584,5.559266895052008,1.4118420783282,9.886243741654903,17.91717339889177,9.289194512243443,0.0,6.851892117295679,45.0558573762063,28.305061800052894,75.75752496911252,63.36479381619479,15.539991871023846,0.0,23.880277484389353,0.0,45.048901747359245,39.04328366449601,39.9993926949621,0,17.137367822980828,15.189064328984578,0.0,5.749511833283905,0.0,71.3413581332143,16.396216054736964,6.851892117295679,80.94044898734164,27.81727678257948,2.823684156656401,16.904556707313183,0,114.1,166.26425764576211,13.212334168400758,0.0,4.5153978936156225,0.0,0.0,0,0,0,9.967957041894417,50.05406235173331,302.1404096128276,0.0,14.372460791776449,-0.5775205392828391,-6.989491129359978,-5.543341587223681,-6.307836401555062,-8.300189268535986,-44.592394989811176,-6.952096488835302,0.521739130434782,34,2,10,0,1,1,0,1,2,3,0,0,7,2,11,3,12,0,1,1,0,0,1.8300314507623452,4,0.653320000000001,128.94120000000007,0,0,0,0,0,4,1,0,0,0,0,0,0,0,0,4,2,0,0,1,0,1,0,0,0,0,0,0,0,0,2,0,0,0,1,0,1,0,0,0,0,1,0,0,0,0,0,1,0,0,0,0,0,0,0,0,0,0,0,0,0,0,0,0,0,0,0,0,0,0,1,0,0,0,1,0,1,0,0,0,0,0,0,0,0
Yohimbine+,,8.5644,-10.6686,-2.1042,10.173,2.2364,5.6504,571.37,-65.77,-6.78,-11.0017,247.7143,0.09380000000000001,7.9366,0.126,427.3037,446.9756,-6.2047,2.4254,12.5984,0.189,85.02,13.886863799321635,13.886863799321635,0.32301433767951504,-5.176688397581256,0.6743230430240921,80.23076923076923,355.4579999999996,328.2420000000001,355.20161914409067,138,0,0.34820558429528703,-0.46871275927291206,0.46871275927291206,0.34820558429528703,1.615384615384615,2.538461538461538,3.423076923076923,16.525239324596534,9.646026524591393,2.511820688289098,-2.480833724743175,2.434030191865401,-3.149542897360572,5.845554102799965,-0.94469911680532,3.339689970516675,2.2062215669678142,1993.6956097081452,41.687716254269354,39.619172062391506,12.619172062391506,23.235922205092486,20.487206051141403,7.184530569677622,5.310284482913037,5.310284482913037,3.910654044192907,3.910654044192907,2.790023054547959,2.790023054547959,-1.85,35972625829.67426,4.255279510508305,6.100098621183211,2.334348180507935,191.0151038778995,19.715608895269035,7.388651024519865,1.4118420783282,1.431199657232634,0.0,7.38114736628005,4.794537184071822,0.0,0.0,0.0,18.127256122989884,30.245677687382127,44.62107653797535,54.14867820871868,55.25503231385333,16.872230220032904,1.431199657232634,4.977003270229252,17.681873056089238,37.58961010061715,20.03167182751448,35.42705431719864,0,0.0,4.8929344801325225,0.0,0.0,0.0,43.59800626098541,15.90432503920125,17.681873056089238,69.29225200696857,24.16967483065318,2.823684156656401,10.902924932081056,0,66.76,132.49537400158496,17.17244771176178,0.0,4.977003270229252,0.0,0.0,0,0,0,9.84567114490726,24.775178634284355,239.38183446148543,0.0,9.835856854877193,2.890329359852042,-4.474443674878379,-18.340170128000445,-9.463280925810746,-23.5564987313222,-9.706900982615274,-4.066726233587584,0.5714285714285711,26,3,5,1,2,3,0,1,1,2,6,0,3,3,5,3,3,1,1,2,0,0,0.9983701798000341,5,1.229999999999999,97.78420000000006,0,1,0,0,0,1,1,0,0,0,1,1,0,0,0,0,2,0,0,0,0,1,0,0,0,0,0,0,0,0,1,0,0,0,1,0,6,0,0,0,1,1,0,0,0,0,0,0,0,0,0,0,0,0,0,1,0,0,0,0,0,0,0,0,1,0,0,0,0,1,0,0,0,0,1,0,0,0,0,0,0,0,0,0,0
